profile,mode,remote_pct,local_GiB,remote_GiB,time_ms,aggregate_GBps,relative_to_local
native,zero_copy_wc,0,7.812,0.000,4.935,1699.99,1.0000
native,zero_copy_wc,1,7.734,0.078,4.886,1716.90,1.0099
native,zero_copy_wc,2,7.656,0.156,6.012,1395.35,0.8208
native,zero_copy_wc,3,7.578,0.234,11.003,762.38,0.4485
native,zero_copy_wc,4,7.500,0.312,15.098,555.59,0.3268
native,zero_copy_wc,5,7.422,0.391,19.311,434.40,0.2555
native,zero_copy_wc,10,7.031,0.781,43.100,194.63,0.1145
native,zero_copy_wc,15,6.641,1.172,70.091,119.68,0.0704
native,zero_copy_wc,20,6.250,1.562,98.937,84.79,0.0499
native,zero_copy_wc,25,5.859,1.953,127.044,66.03,0.0388
native,zero_copy_wc,30,5.469,2.344,156.256,53.69,0.0316
native,zero_copy_wc,40,4.688,3.125,214.242,39.15,0.0230
native,dma_staged,0,7.812,0.000,4.936,1699.62,1.0000
native,dma_staged,1,7.734,0.078,4.994,1679.62,0.9882
native,dma_staged,2,7.656,0.156,5.051,1660.64,0.9771
native,dma_staged,3,7.578,0.234,5.161,1625.30,0.9563
native,dma_staged,4,7.500,0.312,6.859,1222.99,0.7196
native,dma_staged,5,7.422,0.391,8.556,980.44,0.5769
native,dma_staged,10,7.031,0.781,17.151,489.10,0.2877
native,dma_staged,15,6.641,1.172,25.599,327.69,0.1927
native,dma_staged,20,6.250,1.562,34.275,244.74,0.1440
native,dma_staged,25,5.859,1.953,42.725,196.34,0.1155
native,dma_staged,30,5.469,2.344,51.362,163.32,0.0961
native,dma_staged,40,4.688,3.125,68.516,122.43,0.0720
clock_600mhz,dma_staged,0,7.812,0.000,11.926,703.37,1.0000
clock_600mhz,dma_staged,5,7.422,0.391,16.198,517.88,0.7363
clock_600mhz,dma_staged,10,7.031,0.781,26.810,312.89,0.4448
clock_600mhz,dma_staged,15,6.641,1.172,37.763,222.14,0.3158
clock_600mhz,dma_staged,20,6.250,1.562,48.644,172.45,0.2452
clock_600mhz,dma_staged,25,5.859,1.953,59.278,141.51,0.2012
clock_600mhz,dma_staged,30,5.469,2.344,70.015,119.81,0.1703
clock_600mhz,dma_staged,40,4.688,3.125,92.382,90.80,0.1291
